<bugzilla version="5.0.4" urlbase="https://desvrdgate01.brainlab.net/bugzilla/"
	maintainer="rnd.tools@brainlab.com" exporter="mario.schubert.ext@brainlab.com">
<bug>
		<bug_id>151716</bug_id>
		<creation_ts>2022-05-19 13:56:46 +0200</creation_ts>
		<short_desc>About box changes due to MDR transition</short_desc>
		<delta_ts>2022-10-14 13:42:50 +0200</delta_ts>
		<reporter_accessible>1</reporter_accessible>
		<cclist_accessible>1</cclist_accessible>
		<classification_id>27</classification_id>
		<classification>S&amp;N Transition</classification>
		<product>Hip7</product>
		<component>GUI</component>
		<version>7.0.1 development</version>
		<rep_platform>All</rep_platform>
		<op_sys>All</op_sys>
		<bug_status>RESOLVED</bug_status>
		<resolution>FIXED</resolution>
		<bug_file_loc />
		<status_whiteboard />
		<keywords />
		<priority>P5</priority>
		<bug_severity>undefined</bug_severity>
		<target_milestone>7.1.0</target_milestone>
		<everconfirmed>1</everconfirmed>
		<reporter name="Franziska Reifenschneider (S&amp;N)">reifenschneider.ext@brainlab.com</reporter>
		<assigned_to name="Franziska Reifenschneider (S&amp;N)">reifenschneider.ext@brainlab.com</assigned_to>
		<cc>mario.schubert.ext@brainlab.com</cc>
		<estimated_time>0.00</estimated_time>
		<remaining_time>0.00</remaining_time>
		<actual_time>0.00</actual_time>
		<cf_specification />
		<cf_test />
		<cf_task_or_issue>Bug</cf_task_or_issue>
		<cf_loka_analysis />
		<cf_ots />
		<cf_visual_id />
		<cf_cid />
		<token>1675068676-vrsrTqBURfz8JkW8oZueLRq8hGFCNXamUPT7nfhjt9E</token>
		<group id="21">S&amp;N</group>
		<comment_sort_order>oldest_to_newest</comment_sort_order>
		<long_desc isprivate="0">
			<commentid>817538</commentid>
			<comment_count>0</comment_count>
			<who name="Franziska Reifenschneider (S&amp;N)">reifenschneider.ext@brainlab.com</who>
			<bug_when>2022-05-19 13:56:46 +0200</bug_when>
			<thetext>See also bugs 138831 and 150788. Th about box needs to be adapted to fit to MDR
				requirements, this includes: - show Medical Device Name - show GTIN (UDI and PI) -
				new design - representative swiss</thetext>
		</long_desc>
		<long_desc isprivate="0">
			<commentid>817603</commentid>
			<comment_count>1</comment_count>
			<who name="Franziska Reifenschneider (S&amp;N)">reifenschneider.ext@brainlab.com</who>
			<bug_when>2022-05-19 16:07:33 +0200</bug_when>
			<thetext>--> set to confirmed</thetext>
		</long_desc>
		<long_desc isprivate="0">
			<commentid>822753</commentid>
			<comment_count>2</comment_count>
			<who name="Franziska Reifenschneider (S&amp;N)">reifenschneider.ext@brainlab.com</who>
			<bug_when>2022-06-29 14:33:48 +0200</bug_when>
			<thetext>changed target milestone to 7.0.1</thetext>
		</long_desc>
		<long_desc isprivate="0">
			<commentid>832404</commentid>
			<comment_count>3</comment_count>
			<who name="Franziska Reifenschneider (S&amp;N)">reifenschneider.ext@brainlab.com</who>
			<bug_when>2022-10-12 15:00:12 +0200</bug_when>
			<thetext>--> set status to resolved fixed</thetext>
		</long_desc>
		<long_desc isprivate="0">
			<commentid>832572</commentid>
			<comment_count>4</comment_count>
			<who name="Franziska Reifenschneider (S&amp;N)">reifenschneider.ext@brainlab.com</who>
			<bug_when>2022-10-14 13:42:50 +0200</bug_when>
			<thetext>Version 7.0.1 development already refers to project SNNA030 for release of HIP7
				under MDR which was later changed to a second digit change --> HIP7 v7.1 Target Hip
				7.1.0 refers to project SNNA030 for release of HIP7 under MDR and not cancelled
				project SNNA06 (Hyperion)</thetext>
		</long_desc>
	</bug>
	<bug>
		<bug_id>151710</bug_id>
		<creation_ts>2022-05-19 11:07:36 +0200</creation_ts>
		<short_desc>Database path needs to be updated</short_desc>
		<delta_ts>2022-10-14 13:42:36 +0200</delta_ts>
		<reporter_accessible>1</reporter_accessible>
		<cclist_accessible>1</cclist_accessible>
		<classification_id>27</classification_id>
		<classification>S&amp;N Transition</classification>
		<product>Hip7</product>
		<component>Database</component>
		<version>7.0.1 development</version>
		<rep_platform>All</rep_platform>
		<op_sys>All</op_sys>
		<bug_status>RESOLVED</bug_status>
		<resolution>FIXED</resolution>
		<bug_file_loc />
		<status_whiteboard />
		<keywords />
		<priority>P5</priority>
		<bug_severity>enhancement</bug_severity>
		<target_milestone>7.1.0</target_milestone>
		<everconfirmed>1</everconfirmed>
		<reporter name="Franziska Reifenschneider (S&amp;N)">reifenschneider.ext@brainlab.com</reporter>
		<assigned_to name="Franziska Reifenschneider (S&amp;N)">reifenschneider.ext@brainlab.com</assigned_to>
		<cc>philipp.pousset.ext@brainlab.com</cc>
		<estimated_time>0.00</estimated_time>
		<remaining_time>0.00</remaining_time>
		<actual_time>0.00</actual_time>
		<cf_specification />
		<cf_test />
		<cf_task_or_issue>Bug</cf_task_or_issue>
		<cf_loka_analysis />
		<cf_ots />
		<cf_visual_id />
		<cf_cid />
		<token>1675068676-82NmOCI0bEiLybzbQwbNpOIeXUk69_Xo7ukAEBBigV4</token>
		<group id="21">S&amp;N</group>
		<comment_sort_order>oldest_to_newest</comment_sort_order>
		<long_desc isprivate="0">
			<commentid>817493</commentid>
			<comment_count>0</comment_count>
			<who name="Franziska Reifenschneider (S&amp;N)">reifenschneider.ext@brainlab.com</who>
			<bug_when>2022-05-19 11:07:36 +0200</bug_when>
			<thetext>Database path from Hip7 v7.0 needs to be updated to match new path for updated
				Hip7 v7.0.1</thetext>
		</long_desc>
		<long_desc isprivate="0">
			<commentid>832393</commentid>
			<comment_count>1</comment_count>
			<who name="Mario Schubert (S&amp;N)">mario.schubert.ext@brainlab.com</who>
			<bug_when>2022-10-12 14:25:01 +0200</bug_when>
			<thetext>ready for testing</thetext>
		</long_desc>
		<long_desc isprivate="0">
			<commentid>832403</commentid>
			<comment_count>2</comment_count>
			<who name="Franziska Reifenschneider (S&amp;N)">reifenschneider.ext@brainlab.com</who>
			<bug_when>2022-10-12 14:59:45 +0200</bug_when>
			<thetext>--> set to resolved fixed</thetext>
		</long_desc>
		<long_desc isprivate="0">
			<commentid>832571</commentid>
			<comment_count>3</comment_count>
			<who name="Franziska Reifenschneider (S&amp;N)">reifenschneider.ext@brainlab.com</who>
			<bug_when>2022-10-14 13:42:36 +0200</bug_when>
			<thetext>Version 7.0.1 development already refers to project SNNA030 for release of HIP7
				under MDR which was later changed to a second digit change --> HIP7 v7.1 Target Hip
				7.1.0 refers to project SNNA030 for release of HIP7 under MDR and not cancelled
				project SNNA06 (Hyperion)</thetext>
		</long_desc>
	</bug>
	<bug>
		<bug_id>151709</bug_id>
		<creation_ts>2022-05-19 11:05:14 +0200</creation_ts>
		<short_desc>Single/multiple point acquisition triggered repeatedly with Clip-On</short_desc>
		<delta_ts>2022-10-14 13:42:23 +0200</delta_ts>
		<reporter_accessible>1</reporter_accessible>
		<cclist_accessible>1</cclist_accessible>
		<classification_id>27</classification_id>
		<classification>S&amp;N Transition</classification>
		<product>Hip7</product>
		<component>Pelvis Registration</component>
		<version>7.0.1 development</version>
		<rep_platform>All</rep_platform>
		<op_sys>All</op_sys>
		<bug_status>RESOLVED</bug_status>
		<resolution>FIXED</resolution>
		<bug_file_loc />
		<status_whiteboard />
		<keywords />
		<priority>P5</priority>
		<bug_severity>enhancement</bug_severity>
		<target_milestone>7.1.0</target_milestone>
		<everconfirmed>1</everconfirmed>
		<reporter name="Franziska Reifenschneider (S&amp;N)">reifenschneider.ext@brainlab.com</reporter>
		<assigned_to name="Franziska Reifenschneider (S&amp;N)">reifenschneider.ext@brainlab.com</assigned_to>
		<cc>steffen.beck.ext@brainlab.com</cc>
		<estimated_time>0.00</estimated_time>
		<remaining_time>0.00</remaining_time>
		<actual_time>0.00</actual_time>
		<cf_specification />
		<cf_test />
		<cf_task_or_issue>Bug</cf_task_or_issue>
		<cf_loka_analysis />
		<cf_ots />
		<cf_visual_id />
		<cf_cid />
		<token>1675068676-wvsTrCpoeMi_kagWYweFRmHFlEZT38xEJfF-e-tW83M</token>
		<group id="21">S&amp;N</group>
		<comment_sort_order>oldest_to_newest</comment_sort_order>
		<long_desc isprivate="0">
			<commentid>817492</commentid>
			<comment_count>0</comment_count>
			<who name="Franziska Reifenschneider (S&amp;N)">reifenschneider.ext@brainlab.com</who>
			<bug_when>2022-05-19 11:05:14 +0200</bug_when>
			<thetext>With continously clicked clip-on the point acquisition is triggered multiple
				times.</thetext>
		</long_desc>
		<long_desc isprivate="0">
			<commentid>822754</commentid>
			<comment_count>1</comment_count>
			<who name="Franziska Reifenschneider (S&amp;N)">reifenschneider.ext@brainlab.com</who>
			<bug_when>2022-06-29 14:34:43 +0200</bug_when>
			<thetext>changed target milestone to 7.0.1 and status to confirmed</thetext>
		</long_desc>
		<long_desc isprivate="0">
			<commentid>832401</commentid>
			<comment_count>2</comment_count>
			<who name="Franziska Reifenschneider (S&amp;N)">reifenschneider.ext@brainlab.com</who>
			<bug_when>2022-10-12 14:59:04 +0200</bug_when>
			<thetext>--> set status to resolved fixed</thetext>
		</long_desc>
		<long_desc isprivate="0">
			<commentid>832569</commentid>
			<comment_count>3</comment_count>
			<who name="Franziska Reifenschneider (S&amp;N)">reifenschneider.ext@brainlab.com</who>
			<bug_when>2022-10-14 13:42:23 +0200</bug_when>
			<thetext>Version 7.0.1 development already refers to project SNNA030 for release of HIP7
				under MDR which was later changed to a second digit change --> HIP7 v7.1 Target Hip
				7.1.0 refers to project SNNA030 for release of HIP7 under MDR and not cancelled
				project SNNA06 (Hyperion)</thetext>
		</long_desc>
	</bug>
	<bug>
		<bug_id>151707</bug_id>
		<creation_ts>2022-05-19 10:56:15 +0200</creation_ts>
		<short_desc>About box: adapt user guide info</short_desc>
		<delta_ts>2022-10-14 13:42:08 +0200</delta_ts>
		<reporter_accessible>1</reporter_accessible>
		<cclist_accessible>1</cclist_accessible>
		<classification_id>27</classification_id>
		<classification>S&amp;N Transition</classification>
		<product>Hip7</product>
		<component>GUI</component>
		<version>7.0.1 development</version>
		<rep_platform>All</rep_platform>
		<op_sys>All</op_sys>
		<bug_status>RESOLVED</bug_status>
		<resolution>FIXED</resolution>
		<bug_file_loc />
		<status_whiteboard />
		<keywords />
		<priority>P5</priority>
		<bug_severity>minor</bug_severity>
		<target_milestone>7.1.0</target_milestone>
		<dependson>136288</dependson>
		<everconfirmed>1</everconfirmed>
		<reporter name="Franziska Reifenschneider (S&amp;N)">reifenschneider.ext@brainlab.com</reporter>
		<assigned_to name="Franziska Reifenschneider (S&amp;N)">reifenschneider.ext@brainlab.com</assigned_to>
		<cc>mario.schubert.ext@brainlab.com</cc>
		<cc>mario.schubert@brainlab.com</cc>
		<cc>philipp.pousset.ext@brainlab.com</cc>
		<estimated_time>0.00</estimated_time>
		<remaining_time>0.00</remaining_time>
		<actual_time>0.00</actual_time>
		<cf_specification />
		<cf_test />
		<cf_task_or_issue>Bug</cf_task_or_issue>
		<cf_loka_analysis />
		<cf_ots />
		<cf_visual_id />
		<cf_cid />
		<token>1675068676-p6q2RK4cqhw4sXjweTZwS7r3wNlEAJ8uaOB47ow7ueo</token>
		<group id="21">S&amp;N</group>
		<comment_sort_order>oldest_to_newest</comment_sort_order>
		<long_desc isprivate="0">
			<commentid>817488</commentid>
			<comment_count>0</comment_count>
			<who name="Franziska Reifenschneider (S&amp;N)">reifenschneider.ext@brainlab.com</who>
			<bug_when>2022-05-19 10:56:15 +0200</bug_when>
			<thetext>+++ This bug was initially created as a clone of Bug #136288 +++ according bug
				122266 at KNEE3 the user guide info needs to be updated</thetext>
		</long_desc>
		<long_desc isprivate="0">
			<commentid>817602</commentid>
			<comment_count>1</comment_count>
			<who name="Franziska Reifenschneider (S&amp;N)">reifenschneider.ext@brainlab.com</who>
			<bug_when>2022-05-19 16:06:55 +0200</bug_when>
			<thetext>--> set to confirmed</thetext>
		</long_desc>
		<long_desc isprivate="0">
			<commentid>822755</commentid>
			<comment_count>2</comment_count>
			<who name="Franziska Reifenschneider (S&amp;N)">reifenschneider.ext@brainlab.com</who>
			<bug_when>2022-06-29 14:35:18 +0200</bug_when>
			<thetext>changed target milestone to 7.0.1</thetext>
		</long_desc>
		<long_desc isprivate="0">
			<commentid>832400</commentid>
			<comment_count>3</comment_count>
			<who name="Franziska Reifenschneider (S&amp;N)">reifenschneider.ext@brainlab.com</who>
			<bug_when>2022-10-12 14:58:25 +0200</bug_when>
			<thetext>--> set to resolved fixed</thetext>
		</long_desc>
		<long_desc isprivate="0">
			<commentid>832568</commentid>
			<comment_count>4</comment_count>
			<who name="Franziska Reifenschneider (S&amp;N)">reifenschneider.ext@brainlab.com</who>
			<bug_when>2022-10-14 13:42:08 +0200</bug_when>
			<thetext>Version 7.0.1 development already refers to project SNNA030 for release of HIP7
				under MDR which was later changed to a second digit change --> HIP7 v7.1 Target Hip
				7.1.0 refers to project SNNA030 for release of HIP7 under MDR and not cancelled
				project SNNA06 (Hyperion)</thetext>
		</long_desc>
	</bug>
	<bug>
		<bug_id>126451</bug_id>
		<creation_ts>2019-07-25 10:29:47 +0200</creation_ts>
		<short_desc>Cybersecurity Test - adapt blr failed</short_desc>
		<delta_ts>2021-10-04 15:06:58 +0200</delta_ts>
		<reporter_accessible>1</reporter_accessible>
		<cclist_accessible>1</cclist_accessible>
		<classification_id>27</classification_id>
		<classification>S&amp;N Transition</classification>
		<product>Hip7</product>
		<component>Database</component>
		<version>7.0 development</version>
		<rep_platform>All</rep_platform>
		<op_sys>All</op_sys>
		<bug_status>CONFIRMED</bug_status>
		<resolution />
		<bug_file_loc />
		<status_whiteboard />
		<keywords />
		<priority>P5</priority>
		<bug_severity>trivial</bug_severity>
		<target_milestone>later</target_milestone>
		<everconfirmed>1</everconfirmed>
		<reporter name="Steffen Beck">steffen.beck@brainlab.com</reporter>
		<assigned_to name="Philipp Pousset (S&amp;N)">philipp.pousset.ext@brainlab.com</assigned_to>
		<cc>mario.schubert@brainlab.com</cc>
		<cc>steffen.beck@brainlab.com</cc>
		<estimated_time>0.00</estimated_time>
		<remaining_time>0.00</remaining_time>
		<actual_time>0.00</actual_time>
		<cf_specification />
		<cf_test />
		<cf_task_or_issue>Bug</cf_task_or_issue>
		<cf_loka_analysis />
		<cf_ots />
		<cf_visual_id />
		<cf_cid />
		<token>1675068676-cIyWN1I8Y9ZD0H4RAStslc4kxe34THACXaQa-B3L5EM</token>
		<group id="21">S&amp;N</group>
		<comment_sort_order>oldest_to_newest</comment_sort_order>
		<long_desc isprivate="0">
			<commentid>655098</commentid>
			<comment_count>0</comment_count>
			<who name="Steffen Beck">steffen.beck@brainlab.com</who>
			<bug_when>2019-07-25 10:29:47 +0200</bug_when>
			<thetext>The test in the cybersecurity test plan where an adapted blr file shall be
				identified by the software failed.</thetext>
		</long_desc>
		<long_desc isprivate="0">
			<commentid>658847</commentid>
			<comment_count>1</comment_count>
			<who name="Mario Schubert">mario.schubert@brainlab.com</who>
			<bug_when>2019-08-09 09:15:52 +0200</bug_when>
			<thetext>Every implant CAD file is stored as a simplex model on disc while generating
				all database files. All models of a single implant system are stored together in one
				blr resource-file which is distributed by Hip7. For instance there is file called
				IY_R3_Cups_2121.blr for all CAD files of R3 cups. For loading these implant files at
				runtime of application the mechanism of ResourceLoader of Reslib is used. As I
				understand it, first the complete file is opened and only the ids of every resource
				is identified. On request the necessary single resource is loaded. There are no
				additional possibilities to check the resources in advance. I assume if you really
				modify part of resource you will need later one, an error will occur and the loading
				is stopped. But you cannot know that. If there is really an requirement for security
				reasons its necessary to assign this bug to Reslib directly.
				//sw/config/domain/base/11.0/bundle/Bundle_Base/11.0.1/rel.xml#15 On application
				level I see only one solution: In older applications the software was installed
				independent of used database. In ordere to check availability of all correct
				database files, we had implemented only in service mode the functionality, that
				software is loading all necessary implants of every manufacturer at program start.
				This takes some time, but this was checked only by service engineer directly after
				installation. My be such an functionality can be used also for cybersecurity
				reasons, but * every program start would take some more time ( > 10 sec??? ) *
				functionality must be re-implemented</thetext>
		</long_desc>
		<long_desc isprivate="0">
			<commentid>658848</commentid>
			<comment_count>2</comment_count>
			<who name="Mario Schubert">mario.schubert@brainlab.com</who>
			<bug_when>2019-08-09 09:17:53 +0200</bug_when>
			<thetext>please set target milestone and spec after meeting</thetext>
		</long_desc>
		<long_desc isprivate="0">
			<commentid>658981</commentid>
			<comment_count>3</comment_count>
			<who name="Philipp Pousset">philipp.pousset@brainlab.com</who>
			<bug_when>2019-08-09 11:47:57 +0200</bug_when>
			<thetext>Since implant data that is stored in .blr-files is only used for displaying a
				cup on the navigation page and is NOT used for any calculation, a manipulation of a
				specific .blr-file doesn't result in patient harm performing a workflow provided
				with HIP7 v7.0. Thus, severity is still trivial. But whenever a later version of
				HIP7 uses implant data for calculation, severity has to be re-evaluated. --> set
				target milestone to "7.1.0" Regarding cybersecurity, plausible vulnerabilities in
				the process of loading .blr-files using Reslib should be evaluated. This was
				addressed in bug 126967. Encryption of database still need to be tested.</thetext>
		</long_desc>
		<long_desc isprivate="0">
			<commentid>765009</commentid>
			<comment_count>4</comment_count>
			<who name="Philipp Pousset">philipp.pousset@brainlab.com</who>
			<bug_when>2021-05-20 17:58:03 +0200</bug_when>
			<thetext>--> set target to "later", as the relevant root bug will only be fixed with
				framework 13.0.0 that will be released after HIP7 v7.1</thetext>
		</long_desc>
	</bug>
	</bugzilla>