{
    "bugzilla": {
        "_attributes": {
            "version": "5.0.4",
            "urlbase": "https://desvrdgate01.brainlab.net/bugzilla/",
            "maintainer": "rnd.tools@brainlab.com",
            "exporter": "mario.schubert.ext@brainlab.com"
        },
        "bug": [
            {
                "bug_id": {
                    "_text": "151716"
                },
                "creation_ts": {
                    "_text": "2022-05-19 13:56:46 +0200"
                },
                "short_desc": {
                    "_text": "About box changes due to MDR transition"
                },
                "delta_ts": {
                    "_text": "2022-10-14 13:42:50 +0200"
                },
                "reporter_accessible": {
                    "_text": "1"
                },
                "cclist_accessible": {
                    "_text": "1"
                },
                "classification_id": {
                    "_text": "27"
                },
                "classification": {
                    "_text": "S&N Transition"
                },
                "product": {
                    "_text": "Hip7"
                },
                "component": {
                    "_text": "GUI"
                },
                "version": {
                    "_text": "7.0.1 development"
                },
                "rep_platform": {
                    "_text": "All"
                },
                "op_sys": {
                    "_text": "All"
                },
                "bug_status": {
                    "_text": "RESOLVED"
                },
                "resolution": {
                    "_text": "FIXED"
                },
                "bug_file_loc": {},
                "status_whiteboard": {},
                "keywords": {},
                "priority": {
                    "_text": "P5"
                },
                "bug_severity": {
                    "_text": "undefined"
                },
                "target_milestone": {
                    "_text": "7.1.0"
                },
                "everconfirmed": {
                    "_text": "1"
                },
                "reporter": {
                    "_attributes": {
                        "name": "Franziska Reifenschneider (S&N)"
                    },
                    "_text": "reifenschneider.ext@brainlab.com"
                },
                "assigned_to": {
                    "_attributes": {
                        "name": "Franziska Reifenschneider (S&N)"
                    },
                    "_text": "reifenschneider.ext@brainlab.com"
                },
                "cc": {
                    "_text": "mario.schubert.ext@brainlab.com"
                },
                "estimated_time": {
                    "_text": "0.00"
                },
                "remaining_time": {
                    "_text": "0.00"
                },
                "actual_time": {
                    "_text": "0.00"
                },
                "cf_specification": {},
                "cf_test": {},
                "cf_task_or_issue": {
                    "_text": "Bug"
                },
                "cf_loka_analysis": {},
                "cf_ots": {},
                "cf_visual_id": {},
                "cf_cid": {},
                "token": {
                    "_text": "1675068676-vrsrTqBURfz8JkW8oZueLRq8hGFCNXamUPT7nfhjt9E"
                },
                "group": {
                    "_attributes": {
                        "id": "21"
                    },
                    "_text": "S&N"
                },
                "comment_sort_order": {
                    "_text": "oldest_to_newest"
                },
                "long_desc": [
                    {
                        "_attributes": {
                            "isprivate": "0"
                        },
                        "commentid": {
                            "_text": "817538"
                        },
                        "comment_count": {
                            "_text": "0"
                        },
                        "who": {
                            "_attributes": {
                                "name": "Franziska Reifenschneider (S&N)"
                            },
                            "_text": "reifenschneider.ext@brainlab.com"
                        },
                        "bug_when": {
                            "_text": "2022-05-19 13:56:46 +0200"
                        },
                        "thetext": {
                            "_text": "See also bugs 138831 and 150788. Th about box needs to be adapted to fit to MDR\r\n\t\t\t\trequirements, this includes: - show Medical Device Name - show GTIN (UDI and PI) -\r\n\t\t\t\tnew design - representative swiss"
                        }
                    },
                    {
                        "_attributes": {
                            "isprivate": "0"
                        },
                        "commentid": {
                            "_text": "817603"
                        },
                        "comment_count": {
                            "_text": "1"
                        },
                        "who": {
                            "_attributes": {
                                "name": "Franziska Reifenschneider (S&N)"
                            },
                            "_text": "reifenschneider.ext@brainlab.com"
                        },
                        "bug_when": {
                            "_text": "2022-05-19 16:07:33 +0200"
                        },
                        "thetext": {
                            "_text": "--> set to confirmed"
                        }
                    },
                    {
                        "_attributes": {
                            "isprivate": "0"
                        },
                        "commentid": {
                            "_text": "822753"
                        },
                        "comment_count": {
                            "_text": "2"
                        },
                        "who": {
                            "_attributes": {
                                "name": "Franziska Reifenschneider (S&N)"
                            },
                            "_text": "reifenschneider.ext@brainlab.com"
                        },
                        "bug_when": {
                            "_text": "2022-06-29 14:33:48 +0200"
                        },
                        "thetext": {
                            "_text": "changed target milestone to 7.0.1"
                        }
                    },
                    {
                        "_attributes": {
                            "isprivate": "0"
                        },
                        "commentid": {
                            "_text": "832404"
                        },
                        "comment_count": {
                            "_text": "3"
                        },
                        "who": {
                            "_attributes": {
                                "name": "Franziska Reifenschneider (S&N)"
                            },
                            "_text": "reifenschneider.ext@brainlab.com"
                        },
                        "bug_when": {
                            "_text": "2022-10-12 15:00:12 +0200"
                        },
                        "thetext": {
                            "_text": "--> set status to resolved fixed"
                        }
                    },
                    {
                        "_attributes": {
                            "isprivate": "0"
                        },
                        "commentid": {
                            "_text": "832572"
                        },
                        "comment_count": {
                            "_text": "4"
                        },
                        "who": {
                            "_attributes": {
                                "name": "Franziska Reifenschneider (S&N)"
                            },
                            "_text": "reifenschneider.ext@brainlab.com"
                        },
                        "bug_when": {
                            "_text": "2022-10-14 13:42:50 +0200"
                        },
                        "thetext": {
                            "_text": "Version 7.0.1 development already refers to project SNNA030 for release of HIP7\r\n\t\t\t\tunder MDR which was later changed to a second digit change --> HIP7 v7.1 Target Hip\r\n\t\t\t\t7.1.0 refers to project SNNA030 for release of HIP7 under MDR and not cancelled\r\n\t\t\t\tproject SNNA06 (Hyperion)"
                        }
                    }
                ]
            },
            {
                "bug_id": {
                    "_text": "151710"
                },
                "creation_ts": {
                    "_text": "2022-05-19 11:07:36 +0200"
                },
                "short_desc": {
                    "_text": "Database path needs to be updated"
                },
                "delta_ts": {
                    "_text": "2022-10-14 13:42:36 +0200"
                },
                "reporter_accessible": {
                    "_text": "1"
                },
                "cclist_accessible": {
                    "_text": "1"
                },
                "classification_id": {
                    "_text": "27"
                },
                "classification": {
                    "_text": "S&N Transition"
                },
                "product": {
                    "_text": "Hip7"
                },
                "component": {
                    "_text": "Database"
                },
                "version": {
                    "_text": "7.0.1 development"
                },
                "rep_platform": {
                    "_text": "All"
                },
                "op_sys": {
                    "_text": "All"
                },
                "bug_status": {
                    "_text": "RESOLVED"
                },
                "resolution": {
                    "_text": "FIXED"
                },
                "bug_file_loc": {},
                "status_whiteboard": {},
                "keywords": {},
                "priority": {
                    "_text": "P5"
                },
                "bug_severity": {
                    "_text": "enhancement"
                },
                "target_milestone": {
                    "_text": "7.1.0"
                },
                "everconfirmed": {
                    "_text": "1"
                },
                "reporter": {
                    "_attributes": {
                        "name": "Franziska Reifenschneider (S&N)"
                    },
                    "_text": "reifenschneider.ext@brainlab.com"
                },
                "assigned_to": {
                    "_attributes": {
                        "name": "Franziska Reifenschneider (S&N)"
                    },
                    "_text": "reifenschneider.ext@brainlab.com"
                },
                "cc": {
                    "_text": "philipp.pousset.ext@brainlab.com"
                },
                "estimated_time": {
                    "_text": "0.00"
                },
                "remaining_time": {
                    "_text": "0.00"
                },
                "actual_time": {
                    "_text": "0.00"
                },
                "cf_specification": {},
                "cf_test": {},
                "cf_task_or_issue": {
                    "_text": "Bug"
                },
                "cf_loka_analysis": {},
                "cf_ots": {},
                "cf_visual_id": {},
                "cf_cid": {},
                "token": {
                    "_text": "1675068676-82NmOCI0bEiLybzbQwbNpOIeXUk69_Xo7ukAEBBigV4"
                },
                "group": {
                    "_attributes": {
                        "id": "21"
                    },
                    "_text": "S&N"
                },
                "comment_sort_order": {
                    "_text": "oldest_to_newest"
                },
                "long_desc": [
                    {
                        "_attributes": {
                            "isprivate": "0"
                        },
                        "commentid": {
                            "_text": "817493"
                        },
                        "comment_count": {
                            "_text": "0"
                        },
                        "who": {
                            "_attributes": {
                                "name": "Franziska Reifenschneider (S&N)"
                            },
                            "_text": "reifenschneider.ext@brainlab.com"
                        },
                        "bug_when": {
                            "_text": "2022-05-19 11:07:36 +0200"
                        },
                        "thetext": {
                            "_text": "Database path from Hip7 v7.0 needs to be updated to match new path for updated\r\n\t\t\t\tHip7 v7.0.1"
                        }
                    },
                    {
                        "_attributes": {
                            "isprivate": "0"
                        },
                        "commentid": {
                            "_text": "832393"
                        },
                        "comment_count": {
                            "_text": "1"
                        },
                        "who": {
                            "_attributes": {
                                "name": "Mario Schubert (S&N)"
                            },
                            "_text": "mario.schubert.ext@brainlab.com"
                        },
                        "bug_when": {
                            "_text": "2022-10-12 14:25:01 +0200"
                        },
                        "thetext": {
                            "_text": "ready for testing"
                        }
                    },
                    {
                        "_attributes": {
                            "isprivate": "0"
                        },
                        "commentid": {
                            "_text": "832403"
                        },
                        "comment_count": {
                            "_text": "2"
                        },
                        "who": {
                            "_attributes": {
                                "name": "Franziska Reifenschneider (S&N)"
                            },
                            "_text": "reifenschneider.ext@brainlab.com"
                        },
                        "bug_when": {
                            "_text": "2022-10-12 14:59:45 +0200"
                        },
                        "thetext": {
                            "_text": "--> set to resolved fixed"
                        }
                    },
                    {
                        "_attributes": {
                            "isprivate": "0"
                        },
                        "commentid": {
                            "_text": "832571"
                        },
                        "comment_count": {
                            "_text": "3"
                        },
                        "who": {
                            "_attributes": {
                                "name": "Franziska Reifenschneider (S&N)"
                            },
                            "_text": "reifenschneider.ext@brainlab.com"
                        },
                        "bug_when": {
                            "_text": "2022-10-14 13:42:36 +0200"
                        },
                        "thetext": {
                            "_text": "Version 7.0.1 development already refers to project SNNA030 for release of HIP7\r\n\t\t\t\tunder MDR which was later changed to a second digit change --> HIP7 v7.1 Target Hip\r\n\t\t\t\t7.1.0 refers to project SNNA030 for release of HIP7 under MDR and not cancelled\r\n\t\t\t\tproject SNNA06 (Hyperion)"
                        }
                    }
                ]
            },
            {
                "bug_id": {
                    "_text": "151709"
                },
                "creation_ts": {
                    "_text": "2022-05-19 11:05:14 +0200"
                },
                "short_desc": {
                    "_text": "Single/multiple point acquisition triggered repeatedly with Clip-On"
                },
                "delta_ts": {
                    "_text": "2022-10-14 13:42:23 +0200"
                },
                "reporter_accessible": {
                    "_text": "1"
                },
                "cclist_accessible": {
                    "_text": "1"
                },
                "classification_id": {
                    "_text": "27"
                },
                "classification": {
                    "_text": "S&N Transition"
                },
                "product": {
                    "_text": "Hip7"
                },
                "component": {
                    "_text": "Pelvis Registration"
                },
                "version": {
                    "_text": "7.0.1 development"
                },
                "rep_platform": {
                    "_text": "All"
                },
                "op_sys": {
                    "_text": "All"
                },
                "bug_status": {
                    "_text": "RESOLVED"
                },
                "resolution": {
                    "_text": "FIXED"
                },
                "bug_file_loc": {},
                "status_whiteboard": {},
                "keywords": {},
                "priority": {
                    "_text": "P5"
                },
                "bug_severity": {
                    "_text": "enhancement"
                },
                "target_milestone": {
                    "_text": "7.1.0"
                },
                "everconfirmed": {
                    "_text": "1"
                },
                "reporter": {
                    "_attributes": {
                        "name": "Franziska Reifenschneider (S&N)"
                    },
                    "_text": "reifenschneider.ext@brainlab.com"
                },
                "assigned_to": {
                    "_attributes": {
                        "name": "Franziska Reifenschneider (S&N)"
                    },
                    "_text": "reifenschneider.ext@brainlab.com"
                },
                "cc": {
                    "_text": "steffen.beck.ext@brainlab.com"
                },
                "estimated_time": {
                    "_text": "0.00"
                },
                "remaining_time": {
                    "_text": "0.00"
                },
                "actual_time": {
                    "_text": "0.00"
                },
                "cf_specification": {},
                "cf_test": {},
                "cf_task_or_issue": {
                    "_text": "Bug"
                },
                "cf_loka_analysis": {},
                "cf_ots": {},
                "cf_visual_id": {},
                "cf_cid": {},
                "token": {
                    "_text": "1675068676-wvsTrCpoeMi_kagWYweFRmHFlEZT38xEJfF-e-tW83M"
                },
                "group": {
                    "_attributes": {
                        "id": "21"
                    },
                    "_text": "S&N"
                },
                "comment_sort_order": {
                    "_text": "oldest_to_newest"
                },
                "long_desc": [
                    {
                        "_attributes": {
                            "isprivate": "0"
                        },
                        "commentid": {
                            "_text": "817492"
                        },
                        "comment_count": {
                            "_text": "0"
                        },
                        "who": {
                            "_attributes": {
                                "name": "Franziska Reifenschneider (S&N)"
                            },
                            "_text": "reifenschneider.ext@brainlab.com"
                        },
                        "bug_when": {
                            "_text": "2022-05-19 11:05:14 +0200"
                        },
                        "thetext": {
                            "_text": "With continously clicked clip-on the point acquisition is triggered multiple\r\n\t\t\t\ttimes."
                        }
                    },
                    {
                        "_attributes": {
                            "isprivate": "0"
                        },
                        "commentid": {
                            "_text": "822754"
                        },
                        "comment_count": {
                            "_text": "1"
                        },
                        "who": {
                            "_attributes": {
                                "name": "Franziska Reifenschneider (S&N)"
                            },
                            "_text": "reifenschneider.ext@brainlab.com"
                        },
                        "bug_when": {
                            "_text": "2022-06-29 14:34:43 +0200"
                        },
                        "thetext": {
                            "_text": "changed target milestone to 7.0.1 and status to confirmed"
                        }
                    },
                    {
                        "_attributes": {
                            "isprivate": "0"
                        },
                        "commentid": {
                            "_text": "832401"
                        },
                        "comment_count": {
                            "_text": "2"
                        },
                        "who": {
                            "_attributes": {
                                "name": "Franziska Reifenschneider (S&N)"
                            },
                            "_text": "reifenschneider.ext@brainlab.com"
                        },
                        "bug_when": {
                            "_text": "2022-10-12 14:59:04 +0200"
                        },
                        "thetext": {
                            "_text": "--> set status to resolved fixed"
                        }
                    },
                    {
                        "_attributes": {
                            "isprivate": "0"
                        },
                        "commentid": {
                            "_text": "832569"
                        },
                        "comment_count": {
                            "_text": "3"
                        },
                        "who": {
                            "_attributes": {
                                "name": "Franziska Reifenschneider (S&N)"
                            },
                            "_text": "reifenschneider.ext@brainlab.com"
                        },
                        "bug_when": {
                            "_text": "2022-10-14 13:42:23 +0200"
                        },
                        "thetext": {
                            "_text": "Version 7.0.1 development already refers to project SNNA030 for release of HIP7\r\n\t\t\t\tunder MDR which was later changed to a second digit change --> HIP7 v7.1 Target Hip\r\n\t\t\t\t7.1.0 refers to project SNNA030 for release of HIP7 under MDR and not cancelled\r\n\t\t\t\tproject SNNA06 (Hyperion)"
                        }
                    }
                ]
            },
            {
                "bug_id": {
                    "_text": "151707"
                },
                "creation_ts": {
                    "_text": "2022-05-19 10:56:15 +0200"
                },
                "short_desc": {
                    "_text": "About box: adapt user guide info"
                },
                "delta_ts": {
                    "_text": "2022-10-14 13:42:08 +0200"
                },
                "reporter_accessible": {
                    "_text": "1"
                },
                "cclist_accessible": {
                    "_text": "1"
                },
                "classification_id": {
                    "_text": "27"
                },
                "classification": {
                    "_text": "S&N Transition"
                },
                "product": {
                    "_text": "Hip7"
                },
                "component": {
                    "_text": "GUI"
                },
                "version": {
                    "_text": "7.0.1 development"
                },
                "rep_platform": {
                    "_text": "All"
                },
                "op_sys": {
                    "_text": "All"
                },
                "bug_status": {
                    "_text": "RESOLVED"
                },
                "resolution": {
                    "_text": "FIXED"
                },
                "bug_file_loc": {},
                "status_whiteboard": {},
                "keywords": {},
                "priority": {
                    "_text": "P5"
                },
                "bug_severity": {
                    "_text": "minor"
                },
                "target_milestone": {
                    "_text": "7.1.0"
                },
                "dependson": {
                    "_text": "136288"
                },
                "everconfirmed": {
                    "_text": "1"
                },
                "reporter": {
                    "_attributes": {
                        "name": "Franziska Reifenschneider (S&N)"
                    },
                    "_text": "reifenschneider.ext@brainlab.com"
                },
                "assigned_to": {
                    "_attributes": {
                        "name": "Franziska Reifenschneider (S&N)"
                    },
                    "_text": "reifenschneider.ext@brainlab.com"
                },
                "cc": [
                    {
                        "_text": "mario.schubert.ext@brainlab.com"
                    },
                    {
                        "_text": "mario.schubert@brainlab.com"
                    },
                    {
                        "_text": "philipp.pousset.ext@brainlab.com"
                    }
                ],
                "estimated_time": {
                    "_text": "0.00"
                },
                "remaining_time": {
                    "_text": "0.00"
                },
                "actual_time": {
                    "_text": "0.00"
                },
                "cf_specification": {},
                "cf_test": {},
                "cf_task_or_issue": {
                    "_text": "Bug"
                },
                "cf_loka_analysis": {},
                "cf_ots": {},
                "cf_visual_id": {},
                "cf_cid": {},
                "token": {
                    "_text": "1675068676-p6q2RK4cqhw4sXjweTZwS7r3wNlEAJ8uaOB47ow7ueo"
                },
                "group": {
                    "_attributes": {
                        "id": "21"
                    },
                    "_text": "S&N"
                },
                "comment_sort_order": {
                    "_text": "oldest_to_newest"
                },
                "long_desc": [
                    {
                        "_attributes": {
                            "isprivate": "0"
                        },
                        "commentid": {
                            "_text": "817488"
                        },
                        "comment_count": {
                            "_text": "0"
                        },
                        "who": {
                            "_attributes": {
                                "name": "Franziska Reifenschneider (S&N)"
                            },
                            "_text": "reifenschneider.ext@brainlab.com"
                        },
                        "bug_when": {
                            "_text": "2022-05-19 10:56:15 +0200"
                        },
                        "thetext": {
                            "_text": "+++ This bug was initially created as a clone of Bug #136288 +++ according bug\r\n\t\t\t\t122266 at KNEE3 the user guide info needs to be updated"
                        }
                    },
                    {
                        "_attributes": {
                            "isprivate": "0"
                        },
                        "commentid": {
                            "_text": "817602"
                        },
                        "comment_count": {
                            "_text": "1"
                        },
                        "who": {
                            "_attributes": {
                                "name": "Franziska Reifenschneider (S&N)"
                            },
                            "_text": "reifenschneider.ext@brainlab.com"
                        },
                        "bug_when": {
                            "_text": "2022-05-19 16:06:55 +0200"
                        },
                        "thetext": {
                            "_text": "--> set to confirmed"
                        }
                    },
                    {
                        "_attributes": {
                            "isprivate": "0"
                        },
                        "commentid": {
                            "_text": "822755"
                        },
                        "comment_count": {
                            "_text": "2"
                        },
                        "who": {
                            "_attributes": {
                                "name": "Franziska Reifenschneider (S&N)"
                            },
                            "_text": "reifenschneider.ext@brainlab.com"
                        },
                        "bug_when": {
                            "_text": "2022-06-29 14:35:18 +0200"
                        },
                        "thetext": {
                            "_text": "changed target milestone to 7.0.1"
                        }
                    },
                    {
                        "_attributes": {
                            "isprivate": "0"
                        },
                        "commentid": {
                            "_text": "832400"
                        },
                        "comment_count": {
                            "_text": "3"
                        },
                        "who": {
                            "_attributes": {
                                "name": "Franziska Reifenschneider (S&N)"
                            },
                            "_text": "reifenschneider.ext@brainlab.com"
                        },
                        "bug_when": {
                            "_text": "2022-10-12 14:58:25 +0200"
                        },
                        "thetext": {
                            "_text": "--> set to resolved fixed"
                        }
                    },
                    {
                        "_attributes": {
                            "isprivate": "0"
                        },
                        "commentid": {
                            "_text": "832568"
                        },
                        "comment_count": {
                            "_text": "4"
                        },
                        "who": {
                            "_attributes": {
                                "name": "Franziska Reifenschneider (S&N)"
                            },
                            "_text": "reifenschneider.ext@brainlab.com"
                        },
                        "bug_when": {
                            "_text": "2022-10-14 13:42:08 +0200"
                        },
                        "thetext": {
                            "_text": "Version 7.0.1 development already refers to project SNNA030 for release of HIP7\r\n\t\t\t\tunder MDR which was later changed to a second digit change --> HIP7 v7.1 Target Hip\r\n\t\t\t\t7.1.0 refers to project SNNA030 for release of HIP7 under MDR and not cancelled\r\n\t\t\t\tproject SNNA06 (Hyperion)"
                        }
                    }
                ]
            },
            {
                "bug_id": {
                    "_text": "126451"
                },
                "creation_ts": {
                    "_text": "2019-07-25 10:29:47 +0200"
                },
                "short_desc": {
                    "_text": "Cybersecurity Test - adapt blr failed"
                },
                "delta_ts": {
                    "_text": "2021-10-04 15:06:58 +0200"
                },
                "reporter_accessible": {
                    "_text": "1"
                },
                "cclist_accessible": {
                    "_text": "1"
                },
                "classification_id": {
                    "_text": "27"
                },
                "classification": {
                    "_text": "S&N Transition"
                },
                "product": {
                    "_text": "Hip7"
                },
                "component": {
                    "_text": "Database"
                },
                "version": {
                    "_text": "7.0 development"
                },
                "rep_platform": {
                    "_text": "All"
                },
                "op_sys": {
                    "_text": "All"
                },
                "bug_status": {
                    "_text": "CONFIRMED"
                },
                "resolution": {},
                "bug_file_loc": {},
                "status_whiteboard": {},
                "keywords": {},
                "priority": {
                    "_text": "P5"
                },
                "bug_severity": {
                    "_text": "trivial"
                },
                "target_milestone": {
                    "_text": "later"
                },
                "everconfirmed": {
                    "_text": "1"
                },
                "reporter": {
                    "_attributes": {
                        "name": "Steffen Beck"
                    },
                    "_text": "steffen.beck@brainlab.com"
                },
                "assigned_to": {
                    "_attributes": {
                        "name": "Philipp Pousset (S&N)"
                    },
                    "_text": "philipp.pousset.ext@brainlab.com"
                },
                "cc": [
                    {
                        "_text": "mario.schubert@brainlab.com"
                    },
                    {
                        "_text": "steffen.beck@brainlab.com"
                    }
                ],
                "estimated_time": {
                    "_text": "0.00"
                },
                "remaining_time": {
                    "_text": "0.00"
                },
                "actual_time": {
                    "_text": "0.00"
                },
                "cf_specification": {},
                "cf_test": {},
                "cf_task_or_issue": {
                    "_text": "Bug"
                },
                "cf_loka_analysis": {},
                "cf_ots": {},
                "cf_visual_id": {},
                "cf_cid": {},
                "token": {
                    "_text": "1675068676-cIyWN1I8Y9ZD0H4RAStslc4kxe34THACXaQa-B3L5EM"
                },
                "group": {
                    "_attributes": {
                        "id": "21"
                    },
                    "_text": "S&N"
                },
                "comment_sort_order": {
                    "_text": "oldest_to_newest"
                },
                "long_desc": [
                    {
                        "_attributes": {
                            "isprivate": "0"
                        },
                        "commentid": {
                            "_text": "655098"
                        },
                        "comment_count": {
                            "_text": "0"
                        },
                        "who": {
                            "_attributes": {
                                "name": "Steffen Beck"
                            },
                            "_text": "steffen.beck@brainlab.com"
                        },
                        "bug_when": {
                            "_text": "2019-07-25 10:29:47 +0200"
                        },
                        "thetext": {
                            "_text": "The test in the cybersecurity test plan where an adapted blr file shall be\r\n\t\t\t\tidentified by the software failed."
                        }
                    },
                    {
                        "_attributes": {
                            "isprivate": "0"
                        },
                        "commentid": {
                            "_text": "658847"
                        },
                        "comment_count": {
                            "_text": "1"
                        },
                        "who": {
                            "_attributes": {
                                "name": "Mario Schubert"
                            },
                            "_text": "mario.schubert@brainlab.com"
                        },
                        "bug_when": {
                            "_text": "2019-08-09 09:15:52 +0200"
                        },
                        "thetext": {
                            "_text": "Every implant CAD file is stored as a simplex model on disc while generating\r\n\t\t\t\tall database files. All models of a single implant system are stored together in one\r\n\t\t\t\tblr resource-file which is distributed by Hip7. For instance there is file called\r\n\t\t\t\tIY_R3_Cups_2121.blr for all CAD files of R3 cups. For loading these implant files at\r\n\t\t\t\truntime of application the mechanism of ResourceLoader of Reslib is used. As I\r\n\t\t\t\tunderstand it, first the complete file is opened and only the ids of every resource\r\n\t\t\t\tis identified. On request the necessary single resource is loaded. There are no\r\n\t\t\t\tadditional possibilities to check the resources in advance. I assume if you really\r\n\t\t\t\tmodify part of resource you will need later one, an error will occur and the loading\r\n\t\t\t\tis stopped. But you cannot know that. If there is really an requirement for security\r\n\t\t\t\treasons its necessary to assign this bug to Reslib directly.\r\n\t\t\t\t//sw/config/domain/base/11.0/bundle/Bundle_Base/11.0.1/rel.xml#15 On application\r\n\t\t\t\tlevel I see only one solution: In older applications the software was installed\r\n\t\t\t\tindependent of used database. In ordere to check availability of all correct\r\n\t\t\t\tdatabase files, we had implemented only in service mode the functionality, that\r\n\t\t\t\tsoftware is loading all necessary implants of every manufacturer at program start.\r\n\t\t\t\tThis takes some time, but this was checked only by service engineer directly after\r\n\t\t\t\tinstallation. My be such an functionality can be used also for cybersecurity\r\n\t\t\t\treasons, but * every program start would take some more time ( > 10 sec??? ) *\r\n\t\t\t\tfunctionality must be re-implemented"
                        }
                    },
                    {
                        "_attributes": {
                            "isprivate": "0"
                        },
                        "commentid": {
                            "_text": "658848"
                        },
                        "comment_count": {
                            "_text": "2"
                        },
                        "who": {
                            "_attributes": {
                                "name": "Mario Schubert"
                            },
                            "_text": "mario.schubert@brainlab.com"
                        },
                        "bug_when": {
                            "_text": "2019-08-09 09:17:53 +0200"
                        },
                        "thetext": {
                            "_text": "please set target milestone and spec after meeting"
                        }
                    },
                    {
                        "_attributes": {
                            "isprivate": "0"
                        },
                        "commentid": {
                            "_text": "658981"
                        },
                        "comment_count": {
                            "_text": "3"
                        },
                        "who": {
                            "_attributes": {
                                "name": "Philipp Pousset"
                            },
                            "_text": "philipp.pousset@brainlab.com"
                        },
                        "bug_when": {
                            "_text": "2019-08-09 11:47:57 +0200"
                        },
                        "thetext": {
                            "_text": "Since implant data that is stored in .blr-files is only used for displaying a\r\n\t\t\t\tcup on the navigation page and is NOT used for any calculation, a manipulation of a\r\n\t\t\t\tspecific .blr-file doesn't result in patient harm performing a workflow provided\r\n\t\t\t\twith HIP7 v7.0. Thus, severity is still trivial. But whenever a later version of\r\n\t\t\t\tHIP7 uses implant data for calculation, severity has to be re-evaluated. --> set\r\n\t\t\t\ttarget milestone to \"7.1.0\" Regarding cybersecurity, plausible vulnerabilities in\r\n\t\t\t\tthe process of loading .blr-files using Reslib should be evaluated. This was\r\n\t\t\t\taddressed in bug 126967. Encryption of database still need to be tested."
                        }
                    },
                    {
                        "_attributes": {
                            "isprivate": "0"
                        },
                        "commentid": {
                            "_text": "765009"
                        },
                        "comment_count": {
                            "_text": "4"
                        },
                        "who": {
                            "_attributes": {
                                "name": "Philipp Pousset"
                            },
                            "_text": "philipp.pousset@brainlab.com"
                        },
                        "bug_when": {
                            "_text": "2021-05-20 17:58:03 +0200"
                        },
                        "thetext": {
                            "_text": "--> set target to \"later\", as the relevant root bug will only be fixed with\r\n\t\t\t\tframework 13.0.0 that will be released after HIP7 v7.1"
                        }
                    }
                ]
            }
        ]
    }
}